ID	CL1	CL2	CL3	CL4	CL5	CL6	CL7	CL8	CL9	CL10	CL11	CL12	CL13	CL14	CL15	CL16	CL17	CL18	CL19	CL20	CL21	CL22	CL23	CL24	CL25	CL26	CL27	CL28	CL29	CL30	CL31	CL32	CL33	CL34	CL35	CL36	CL37	CL38	CL39	CL40	CL41	CL42	CL43	CL44	CL45	CL46	CL47	CL48	CL49	CL50	CL51	CL52	CL53	CL54	CL55	CL56	CL57	CL58	CL59	CL60	CL61	CL62	CL63	CL64	CL65	CL66	CL67	CL68	CL69	CL70	CL71	CL72	CL73	CL74	CL75	CL76	CL77	CL78	CL79	CL80	CL81	CL82	CL83	CL84	CL85	CL86	CL87	CL88	CL89	CL90	CL91	CL92	CL93	CL94	CL95	CL96	CL97	CL98	CL99	CL100	CL101	CL102	CL103	CL104	CL105	CL106	CL107	CL108	CL109	CL110	CL111	CL112	CL113	CL114	CL115	CL116	CL117	CL118	CL119	CL120	CL121	CL122	CL123	CL124	CL125	CL126	CL127	CL128	CL129	CL130	CL131	CL132	CL133	CL134	CL135	CL136	CL137	CL138	CL139	CL140	CL141	CL142	CL143	CL144	CL145	CL146	CL147	CL148	CL149	CL150	OUT:1	OUT:2	OUT:3
337	0.00485908649174	0.00534499514091	0.000971817298348	0.0106899902818	0.00242954324587	0.014091350826	0.00631681243926	0.0145772594752	0.0126336248785	0.00583090379009	0.00291545189504	0.00291545189504	0.00485908649174	0.0116618075802	0.00680272108844	0.00583090379009	0.00242954324587	0.00680272108844	0.00534499514091	0.00583090379009	0.00971817298348	0.00388726919339	0.0170068027211	0.00485908649174	0.00437317784257	0.0150631681244	0.0106899902818	0.00340136054422	0.00437317784257	0.0131195335277	0.00340136054422	0.00631681243926	0.00874635568513	0.00242954324587	0.0019436345967	0.011175898931	0.00680272108844	0.00874635568513	0.0199222546161	0.00826044703596	0.00826044703596	0.00388726919339	0.0131195335277	0.011175898931	0.00777453838678	0.0121477162293	0.00388726919339	0.00826044703596	0.00437317784257	0.000971817298348	0.00583090379009	0.00534499514091	0.00680272108844	0.00971817298348	0.00534499514091	0.00485908649174	0.0116618075802	0.00534499514091	0.0102040816327	0.00777453838678	0.00534499514091	0.0170068027211	0.00291545189504	0.00680272108844	0.00485908649174	0.00534499514091	0.00242954324587	0.00485908649174	0.0019436345967	0.00388726919339	0.00583090379009	0.00728862973761	0.00971817298348	0.00145772594752	0.000485908649174	0.00340136054422	0.0150631681244	0.0102040816327	0.00340136054422	0.00291545189504	0.0126336248785	0.00437317784257	0.00583090379009	0.00583090379009	0.00340136054422	0.00826044703596	0.00680272108844	0.00485908649174	0.00485908649174	0.00874635568513	0.00534499514091	0.00485908649174	0.00583090379009	0.00437317784257	0.00728862973761	0.00583090379009	0.00874635568513	0.00826044703596	0.00340136054422	0.00534499514091	0.00291545189504	0.00437317784257	0.00534499514091	0.00728862973761	0.00485908649174	0.00388726919339	0.00485908649174	0.0150631681244	0.0131195335277	0.00340136054422	0.0126336248785	0.00340136054422	0.00583090379009	0.0208940719145	0.00680272108844	0.00291545189504	0.00291545189504	0.00631681243926	0.00728862973761	0.00485908649174	0.00437317784257	0.00340136054422	0.0165208940719	0.00826044703596	0.00680272108844	0.00971817298348	0.00728862973761	0.0102040816327	0.00583090379009	0.00534499514091	0.0102040816327	0.00631681243926	0.00388726919339	0.00485908649174	0.00388726919339	0.00583090379009	0.00534499514091	0.00631681243926	0.00631681243926	0.00826044703596	0.00388726919339	0.00145772594752	0.00145772594752	0.00534499514091	0.00242954324587	0.00485908649174	0.00291545189504	0.00388726919339	0.00388726919339	0.00777453838678	-1.0	1.0	-1.0
338	0.00501736781166	0.00231570822076	0.00231570822076	0.0119644924739	0.00887688151293	0.0196835198765	0.0084909301428	0.0165959089155	0.015052103435	0.00540331918178	0.00540331918178	0.00617522192204	0.00501736781166	0.00385951370127	0.0042454650714	0.00347356233115	0.00231570822076	0.00887688151293	0.00656117329217	0.0100347356233	0.00771902740255	0.00617522192204	0.00926283288306	0.00347356233115	0.00231570822076	0.0158240061752	0.00733307603242	0.00308761096102	0.00308761096102	0.0154380548051	0.00385951370127	0.00501736781166	0.00231570822076	0.00463141644153	0.00385951370127	0.00501736781166	0.0042454650714	0.00771902740255	0.0208413739869	0.00733307603242	0.00501736781166	0.00115785411038	0.0131223465843	0.00887688151293	0.00694712466229	0.0104206869934	0.000385951370127	0.00578927055191	0.00887688151293	0.00347356233115	0.00540331918178	0.00347356233115	0.00540331918178	0.00270165959089	0.00694712466229	0.0042454650714	0.0104206869934	0.00463141644153	0.0115785411038	0.00308761096102	0.00733307603242	0.0104206869934	0.0084909301428	0.00887688151293	0.00385951370127	0.00578927055191	0.00347356233115	0.00501736781166	0.00385951370127	0.00270165959089	0.00385951370127	0.00192975685064	0.0084909301428	0.00501736781166	0.00192975685064	0.00540331918178	0.015052103435	0.00578927055191	0.00270165959089	0.0119644924739	0.0138942493246	0.0108066383636	0.0104206869934	0.00385951370127	0.00540331918178	0.00694712466229	0.00578927055191	0.00656117329217	0.00771902740255	0.0042454650714	0.00540331918178	0.00540331918178	0.00347356233115	0.0042454650714	0.0111925897337	0.00617522192204	0.0042454650714	0.0084909301428	0.00463141644153	0.00270165959089	0.00347356233115	0.00733307603242	0.0104206869934	0.00270165959089	0.00347356233115	0.00501736781166	0.00463141644153	0.0111925897337	0.0111925897337	0.00192975685064	0.0100347356233	0.00347356233115	0.00771902740255	0.0154380548051	0.00656117329217	0.00308761096102	0.00810497877267	0.0138942493246	0.00578927055191	0.00154380548051	0.00347356233115	0.00308761096102	0.0123504438441	0.00656117329217	0.0084909301428	0.00810497877267	0.0169818602856	0.0138942493246	0.00578927055191	0.00810497877267	0.0115785411038	0.0084909301428	0.00347356233115	0.00656117329217	0.00192975685064	0.00501736781166	0.00347356233115	0.0042454650714	0.0042454650714	0.00578927055191	0.00308761096102	0.00656117329217	0.000385951370127	0.00578927055191	0.0084909301428	0.0042454650714	0.00540331918178	0.00694712466229	0.00656117329217	0.00810497877267	-1.0	1.0	-1.0
339	0.00863309352518	0.000719424460432	0.00647482014388	0.00287769784173	0.00719424460432	0.0165467625899	0.00287769784173	0.00647482014388	0.0122302158273	0.00719424460432	0.00431654676259	0.0115107913669	0.00431654676259	0.0	0.0107913669065	0.00719424460432	0.00575539568345	0.00359712230216	0.00503597122302	0.00503597122302	0.00863309352518	0.00719424460432	0.0208633093525	0.00143884892086	0.00143884892086	0.0172661870504	0.00719424460432	0.00647482014388	0.00503597122302	0.00647482014388	0.00359712230216	0.00935251798561	0.00287769784173	0.00719424460432	0.00359712230216	0.0122302158273	0.00359712230216	0.0115107913669	0.0244604316547	0.00359712230216	0.0129496402878	0.00287769784173	0.00359712230216	0.0129496402878	0.00287769784173	0.00647482014388	0.0237410071942	0.00287769784173	0.00575539568345	0.00359712230216	0.00503597122302	0.00503597122302	0.00431654676259	0.00215827338129	0.0107913669065	0.00863309352518	0.0	0.00287769784173	0.0122302158273	0.00431654676259	0.00359712230216	0.0172661870504	0.00431654676259	0.00431654676259	0.00143884892086	0.00503597122302	0.0172661870504	0.0107913669065	0.00647482014388	0.00719424460432	0.0194244604317	0.00791366906475	0.0151079136691	0.00287769784173	0.00791366906475	0.00719424460432	0.0165467625899	0.0115107913669	0.00143884892086	0.00359712230216	0.0215827338129	0.0122302158273	0.00575539568345	0.00431654676259	0.00719424460432	0.00647482014388	0.00791366906475	0.00215827338129	0.0165467625899	0.00503597122302	0.00359712230216	0.00503597122302	0.00359712230216	0.00575539568345	0.00575539568345	0.00287769784173	0.00215827338129	0.00215827338129	0.00359712230216	0.00143884892086	0.00215827338129	0.00719424460432	0.00431654676259	0.00431654676259	0.00143884892086	0.00647482014388	0.00503597122302	0.0115107913669	0.0136690647482	0.00503597122302	0.00503597122302	0.00143884892086	0.00431654676259	0.00935251798561	0.00575539568345	0.00287769784173	0.00647482014388	0.00791366906475	0.00575539568345	0.00215827338129	0.00143884892086	0.00287769784173	0.00215827338129	0.00359712230216	0.00431654676259	0.00287769784173	0.00359712230216	0.0122302158273	0.00431654676259	0.00431654676259	0.0172661870504	0.0107913669065	0.00719424460432	0.00215827338129	0.00287769784173	0.00359712230216	0.00503597122302	0.00503597122302	0.00215827338129	0.00287769784173	0.00287769784173	0.00503597122302	0.00647482014388	0.00791366906475	0.00647482014388	0.00287769784173	0.00863309352518	0.00647482014388	0.00863309352518	0.00935251798561	-1.0	1.0	-1.0
340	0.00615384615385	0.00430769230769	0.00307692307692	0.00738461538462	0.00615384615385	0.0172307692308	0.00123076923077	0.00492307692308	0.0147692307692	0.0147692307692	0.00369230769231	0.008	0.00676923076923	0.00307692307692	0.00615384615385	0.00738461538462	0.00676923076923	0.00246153846154	0.0116923076923	0.00923076923077	0.008	0.008	0.0147692307692	0.00123076923077	0.00553846153846	0.0196923076923	0.0129230769231	0.00861538461538	0.00492307692308	0.00676923076923	0.00307692307692	0.00615384615385	0.00430769230769	0.00861538461538	0.00184615384615	0.0147692307692	0.0104615384615	0.00738461538462	0.0295384615385	0.00246153846154	0.0110769230769	0.000615384615385	0.00738461538462	0.0178461538462	0.00984615384615	0.00492307692308	0.0289230769231	0.00492307692308	0.0104615384615	0.00430769230769	0.00553846153846	0.00676923076923	0.00369230769231	0.00553846153846	0.00861538461538	0.00738461538462	0.000615384615385	0.00307692307692	0.00553846153846	0.00246153846154	0.00738461538462	0.0209230769231	0.00307692307692	0.00123076923077	0.00184615384615	0.00738461538462	0.00984615384615	0.00492307692308	0.00861538461538	0.0110769230769	0.0141538461538	0.00369230769231	0.0110769230769	0.00307692307692	0.00430769230769	0.00369230769231	0.0116923076923	0.0153846153846	0.00123076923077	0.00553846153846	0.0172307692308	0.00676923076923	0.00246153846154	0.00430769230769	0.00184615384615	0.00246153846154	0.00676923076923	0.00307692307692	0.008	0.00430769230769	0.00184615384615	0.008	0.00676923076923	0.00676923076923	0.00861538461538	0.00615384615385	0.00246153846154	0.00369230769231	0.00615384615385	0.00123076923077	0.00676923076923	0.00430769230769	0.000615384615385	0.00676923076923	0.00430769230769	0.00430769230769	0.00738461538462	0.0135384615385	0.00553846153846	0.00246153846154	0.00492307692308	0.00676923076923	0.00184615384615	0.00615384615385	0.00492307692308	0.00246153846154	0.00553846153846	0.00307692307692	0.00553846153846	0.00430769230769	0.00738461538462	0.00307692307692	0.00184615384615	0.00738461538462	0.0104615384615	0.00553846153846	0.00676923076923	0.0123076923077	0.00615384615385	0.00184615384615	0.0135384615385	0.00492307692308	0.00492307692308	0.00615384615385	0.00307692307692	0.00430769230769	0.00553846153846	0.00369230769231	0.00123076923077	0.00184615384615	0.00492307692308	0.00676923076923	0.00369230769231	0.00738461538462	0.00184615384615	0.00615384615385	0.00553846153846	0.00553846153846	0.00307692307692	0.00861538461538	-1.0	1.0	-1.0
341	0.00369978858351	0.00211416490486	0.00528541226216	0.00739957716702	0.00528541226216	0.0253699788584	0.00422832980973	0.00845665961945	0.0153276955603	0.0110993657505	0.00105708245243	0.00158562367865	0.00739957716702	0.00317124735729	0.00634249471459	0.00475687103594	0.00211416490486	0.00475687103594	0.00898520084567	0.00634249471459	0.00739957716702	0.00792811839323	0.012156448203	0.00158562367865	0.00528541226216	0.01955602537	0.0126849894292	0.00475687103594	0.00158562367865	0.0216701902748	0.00581395348837	0.00951374207188	0.00845665961945	0.00422832980973	0.00475687103594	0.0100422832981	0.00528541226216	0.00634249471459	0.0179704016913	0.0100422832981	0.00951374207188	0.00475687103594	0.00475687103594	0.0068710359408	0.00581395348837	0.00898520084567	0.000528541226216	0.0110993657505	0.00739957716702	0.00264270613108	0.00528541226216	0.00581395348837	0.00422832980973	0.00581395348837	0.00422832980973	0.0	0.00475687103594	0.00739957716702	0.00951374207188	0.000528541226216	0.00739957716702	0.0184989429175	0.00475687103594	0.00581395348837	0.00211416490486	0.00422832980973	0.00105708245243	0.00422832980973	0.00634249471459	0.0105708245243	0.00158562367865	0.00211416490486	0.00528541226216	0.00475687103594	0.00317124735729	0.00264270613108	0.0163847780127	0.00792811839323	0.00317124735729	0.00581395348837	0.0179704016913	0.0068710359408	0.0126849894292	0.00369978858351	0.00369978858351	0.00317124735729	0.00634249471459	0.00369978858351	0.00211416490486	0.00634249471459	0.00634249471459	0.0110993657505	0.00211416490486	0.0068710359408	0.0100422832981	0.00422832980973	0.0068710359408	0.0068710359408	0.00369978858351	0.00264270613108	0.00211416490486	0.00369978858351	0.00739957716702	0.0110993657505	0.00739957716702	0.00739957716702	0.00528541226216	0.0163847780127	0.0100422832981	0.00211416490486	0.00739957716702	0.00317124735729	0.00317124735729	0.0206131078224	0.00369978858351	0.00739957716702	0.00792811839323	0.0105708245243	0.00581395348837	0.00634249471459	0.00369978858351	0.00264270613108	0.00581395348837	0.00792811839323	0.00475687103594	0.012156448203	0.00211416490486	0.0110993657505	0.00581395348837	0.00845665961945	0.0132135306554	0.0110993657505	0.00317124735729	0.0068710359408	0.00317124735729	0.0116279069767	0.00528541226216	0.0068710359408	0.00634249471459	0.00475687103594	0.00211416490486	0.00422832980973	0.00369978858351	0.00528541226216	0.00528541226216	0.00264270613108	0.00369978858351	0.0068710359408	0.00369978858351	0.00951374207188	-1.0	1.0	-1.0
342	0.00427715996578	0.00213857998289	0.00427715996578	0.0098374679213	0.00299401197605	0.0141146278871	0.00513259195894	0.0136869118905	0.0166809238666	0.0102651839179	0.0038494439692	0.00855431993157	0.00855431993157	0.00299401197605	0.00727117194183	0.0038494439692	0.00299401197605	0.00556030795552	0.00470487596236	0.0098374679213	0.0102651839179	0.00427715996578	0.0136869118905	0.0038494439692	0.00556030795552	0.0183917878529	0.00684345594525	0.00855431993157	0.00342172797263	0.0145423438837	0.00427715996578	0.00769888793841	0.00812660393499	0.00427715996578	0.00470487596236	0.00812660393499	0.0098374679213	0.00684345594525	0.0239520958084	0.00256629597947	0.00812660393499	0.00299401197605	0.0102651839179	0.0059880239521	0.00940975192472	0.00513259195894	0.01625320787	0.00898203592814	0.00684345594525	0.000427715996578	0.00513259195894	0.00470487596236	0.00256629597947	0.0038494439692	0.00513259195894	0.00299401197605	0.0038494439692	0.00727117194183	0.00855431993157	0.0038494439692	0.00427715996578	0.0115483319076	0.00342172797263	0.00470487596236	0.00299401197605	0.00769888793841	0.0106928999145	0.00427715996578	0.00427715996578	0.00684345594525	0.00727117194183	0.00256629597947	0.00684345594525	0.0038494439692	0.00213857998289	0.00342172797263	0.0145423438837	0.0124037639008	0.00427715996578	0.00342172797263	0.0145423438837	0.0132591958939	0.00812660393499	0.00470487596236	0.00470487596236	0.0059880239521	0.00513259195894	0.00641573994867	0.00898203592814	0.00727117194183	0.00342172797263	0.0038494439692	0.00641573994867	0.00727117194183	0.011120615911	0.00513259195894	0.00641573994867	0.00299401197605	0.00427715996578	0.00299401197605	0.00128314798973	0.00213857998289	0.00213857998289	0.0038494439692	0.00641573994867	0.00641573994867	0.000855431993157	0.0149700598802	0.0171086398631	0.0038494439692	0.0098374679213	0.00213857998289	0.00855431993157	0.01625320787	0.0102651839179	0.00898203592814	0.00556030795552	0.00641573994867	0.0098374679213	0.0059880239521	0.00727117194183	0.00513259195894	0.00128314798973	0.00727117194183	0.00513259195894	0.0059880239521	0.00556030795552	0.0124037639008	0.00171086398631	0.00940975192472	0.0119760479042	0.00427715996578	0.00641573994867	0.00641573994867	0.00427715996578	0.00556030795552	0.00812660393499	0.00427715996578	0.00513259195894	0.00342172797263	0.00213857998289	0.0038494439692	0.00556030795552	0.0059880239521	0.00213857998289	0.00256629597947	0.00641573994867	0.00427715996578	0.00855431993157	0.00641573994867	-1.0	1.0	-1.0
343	0.00514981273408	0.00234082397004	0.0065543071161	0.00889513108614	0.00514981273408	0.0210674157303	0.00561797752809	0.00749063670412	0.0154494382022	0.00421348314607	0.00374531835206	0.00702247191011	0.00561797752809	0.00327715355805	0.00795880149813	0.00561797752809	0.00561797752809	0.00421348314607	0.00421348314607	0.00234082397004	0.00983146067416	0.00468164794007	0.0102996254682	0.00280898876404	0.00187265917603	0.0182584269663	0.0131086142322	0.00795880149813	0.00374531835206	0.0196629213483	0.00187265917603	0.00514981273408	0.00280898876404	0.00795880149813	0.00280898876404	0.0102996254682	0.00514981273408	0.00983146067416	0.0205992509363	0.00327715355805	0.00561797752809	0.00280898876404	0.0117041198502	0.00749063670412	0.00749063670412	0.0112359550562	0.0149812734082	0.00842696629213	0.0107677902622	0.00374531835206	0.0060861423221	0.0060861423221	0.00749063670412	0.00421348314607	0.00374531835206	0.00561797752809	0.0145131086142	0.00561797752809	0.0102996254682	0.00561797752809	0.00374531835206	0.0215355805243	0.0065543071161	0.00327715355805	0.00327715355805	0.00468164794007	0.00327715355805	0.0060861423221	0.00936329588015	0.00561797752809	0.00421348314607	0.0060861423221	0.0112359550562	0.00234082397004	0.00327715355805	0.00514981273408	0.0215355805243	0.00795880149813	0.00468164794007	0.00421348314607	0.0135767790262	0.00514981273408	0.00514981273408	0.00234082397004	0.00280898876404	0.00561797752809	0.00468164794007	0.00234082397004	0.00468164794007	0.0060861423221	0.00702247191011	0.00889513108614	0.00327715355805	0.00421348314607	0.0060861423221	0.00280898876404	0.0065543071161	0.00702247191011	0.00795880149813	0.00374531835206	0.00327715355805	0.00327715355805	0.00421348314607	0.00327715355805	0.00421348314607	0.00468164794007	0.00140449438202	0.0173220973783	0.0107677902622	0.00421348314607	0.0145131086142	0.00280898876404	0.00468164794007	0.0117041198502	0.00749063670412	0.00468164794007	0.00514981273408	0.00514981273408	0.0065543071161	0.00514981273408	0.00421348314607	0.00280898876404	0.0102996254682	0.00795880149813	0.00702247191011	0.0112359550562	0.00842696629213	0.0126404494382	0.0065543071161	0.00842696629213	0.0154494382022	0.00374531835206	0.00421348314607	0.00561797752809	0.00327715355805	0.00749063670412	0.00889513108614	0.00514981273408	0.00234082397004	0.00140449438202	0.00280898876404	0.00234082397004	0.00374531835206	0.00561797752809	0.000936329588015	0.00327715355805	0.00280898876404	0.00421348314607	0.00795880149813	0.00936329588015	-1.0	1.0	-1.0
344	0.00595947556615	0.00278108859754	0.00397298371077	0.0111243543901	0.00476758045292	0.0186730234406	0.00476758045292	0.00993245927692	0.0119189511323	0.00556217719507	0.00317838696861	0.00595947556615	0.00556217719507	0.00278108859754	0.00595947556615	0.005164878824	0.00357568533969	0.00874056416369	0.00397298371077	0.0107270560191	0.00953516090584	0.00437028208184	0.0131108462455	0.00397298371077	0.00437028208184	0.0131108462455	0.00754866905046	0.00437028208184	0.00278108859754	0.0131108462455	0.00556217719507	0.00595947556615	0.00397298371077	0.00437028208184	0.005164878824	0.00754866905046	0.00635677393723	0.0119189511323	0.0166865315852	0.00595947556615	0.00357568533969	0.00317838696861	0.00834326579261	0.00913786253476	0.00476758045292	0.0119189511323	0.0131108462455	0.0111243543901	0.00595947556615	0.00397298371077	0.00437028208184	0.00476758045292	0.00476758045292	0.0119189511323	0.00754866905046	0.00238379022646	0.0123162495034	0.00754866905046	0.00476758045292	0.005164878824	0.00715137067938	0.0143027413588	0.00437028208184	0.00476758045292	0.00278108859754	0.005164878824	0.00913786253476	0.00874056416369	0.00556217719507	0.00476758045292	0.00953516090584	0.00357568533969	0.010329757648	0.00278108859754	0.00238379022646	0.00278108859754	0.0119189511323	0.00715137067938	0.00397298371077	0.00437028208184	0.0115216527612	0.0067540723083	0.00834326579261	0.00238379022646	0.005164878824	0.00556217719507	0.00754866905046	0.00834326579261	0.010329757648	0.00595947556615	0.00556217719507	0.00635677393723	0.00278108859754	0.00595947556615	0.0131108462455	0.00357568533969	0.005164878824	0.00397298371077	0.00437028208184	0.00198649185538	0.00476758045292	0.00476758045292	0.00556217719507	0.00317838696861	0.00635677393723	0.00238379022646	0.00317838696861	0.0150973381009	0.0127135478745	0.00437028208184	0.015494636472	0.00317838696861	0.00476758045292	0.0210568136671	0.00476758045292	0.00595947556615	0.005164878824	0.0067540723083	0.00476758045292	0.00476758045292	0.00119189511323	0.00437028208184	0.00874056416369	0.00754866905046	0.00357568533969	0.010329757648	0.00953516090584	0.0143027413588	0.00357568533969	0.00556217719507	0.0111243543901	0.00635677393723	0.00357568533969	0.0067540723083	0.005164878824	0.00476758045292	0.00834326579261	0.0107270560191	0.00635677393723	0.005164878824	0.00476758045292	0.00238379022646	0.00278108859754	0.00476758045292	0.00397298371077	0.00437028208184	0.00397298371077	0.00595947556615	0.00754866905046	0.00754866905046	-1.0	1.0	-1.0
345	0.00295311923219	0.00110741971207	0.00369139904024	0.00922849760059	0.00812107788852	0.0132890365449	0.00553709856035	0.0203026947213	0.00922849760059	0.0103359173127	0.00332225913621	0.00664451827243	0.00738279808047	0.0118124769288	0.00332225913621	0.00406053894426	0.00442967884828	0.00701365817645	0.00664451827243	0.015134736065	0.00406053894426	0.00442967884828	0.0118124769288	0.00442967884828	0.00590623846438	0.0129198966408	0.0110741971207	0.00221483942414	0.00332225913621	0.0110741971207	0.00479881875231	0.0103359173127	0.00406053894426	0.00516795865633	0.0077519379845	0.00553709856035	0.00442967884828	0.0114433370247	0.0121816168328	0.00885935769657	0.0118124769288	0.00553709856035	0.0121816168328	0.00406053894426	0.00812107788852	0.00664451827243	0.00110741971207	0.0077519379845	0.00664451827243	0.00442967884828	0.00406053894426	0.0077519379845	0.00590623846438	0.00442967884828	0.00516795865633	0.00221483942414	0.00369139904024	0.00479881875231	0.0110741971207	0.00516795865633	0.00553709856035	0.00885935769657	0.0107050572167	0.00553709856035	0.0062753783684	0.00221483942414	0.00516795865633	0.00442967884828	0.00295311923219	0.00516795865633	0.00369139904024	0.00406053894426	0.0110741971207	0.0062753783684	0.00516795865633	0.00147655961609	0.00812107788852	0.016242155777	0.00295311923219	0.00369139904024	0.00922849760059	0.00922849760059	0.00590623846438	0.00406053894426	0.00664451827243	0.00332225913621	0.00959763750461	0.00553709856035	0.0107050572167	0.0062753783684	0.0062753783684	0.00406053894426	0.00553709856035	0.00590623846438	0.00812107788852	0.00479881875231	0.00849021779254	0.00553709856035	0.00442967884828	0.00332225913621	0.00406053894426	0.00369139904024	0.00442967884828	0.00590623846438	0.00701365817645	0.00516795865633	0.00221483942414	0.0103359173127	0.0169804355851	0.00516795865633	0.00885935769657	0.00442967884828	0.00664451827243	0.0147655961609	0.0062753783684	0.0062753783684	0.00812107788852	0.00664451827243	0.00812107788852	0.00442967884828	0.00295311923219	0.00258397932817	0.00442967884828	0.0077519379845	0.00442967884828	0.00849021779254	0.0103359173127	0.00959763750461	0.00369139904024	0.00738279808047	0.00922849760059	0.0110741971207	0.0077519379845	0.0114433370247	0.00332225913621	0.00701365817645	0.00590623846438	0.00738279808047	0.00590623846438	0.00738279808047	0.00258397932817	0.00553709856035	0.00258397932817	0.0118124769288	0.00442967884828	0.00369139904024	0.00442967884828	0.00258397932817	0.0062753783684	0.00996677740864	-1.0	1.0	-1.0
346	0.00782472613459	0.000521648408972	0.00156494522692	0.00782472613459	0.00625978090767	0.0172143974961	0.00834637454356	0.00469483568075	0.0135628586333	0.00625978090767	0.00365153886281	0.00156494522692	0.00312989045383	0.00104329681794	0.00730307772561	0.00469483568075	0.00208659363589	0.00469483568075	0.00417318727178	0.0093896713615	0.00782472613459	0.00469483568075	0.018779342723	0.00104329681794	0.00260824204486	0.0266040688576	0.0135628586333	0.00104329681794	0.00260824204486	0.0224308815858	0.000521648408972	0.00521648408972	0.0057381324987	0.00469483568075	0.00208659363589	0.0104329681794	0.0057381324987	0.00886802295253	0.0276473656755	0.00625978090767	0.00834637454356	0.00312989045383	0.0125195618153	0.0130412102243	0.00730307772561	0.0130412102243	0.00365153886281	0.0125195618153	0.0109546165884	0.00312989045383	0.00730307772561	0.00521648408972	0.00625978090767	0.00625978090767	0.00886802295253	0.00156494522692	0.0119979134064	0.00312989045383	0.00417318727178	0.00260824204486	0.0057381324987	0.0151278038602	0.00417318727178	0.00521648408972	0.00312989045383	0.00417318727178	0.00104329681794	0.00782472613459	0.00260824204486	0.00365153886281	0.00469483568075	0.00156494522692	0.00834637454356	0.00417318727178	0.00365153886281	0.00625978090767	0.018779342723	0.0109546165884	0.00365153886281	0.0130412102243	0.0151278038602	0.0146061554512	0.00312989045383	0.000521648408972	0.00312989045383	0.0057381324987	0.00469483568075	0.00678142931664	0.0057381324987	0.00417318727178	0.00208659363589	0.00208659363589	0.00521648408972	0.00365153886281	0.0104329681794	0.0057381324987	0.00521648408972	0.00678142931664	0.00208659363589	0.00208659363589	0.00417318727178	0.00417318727178	0.0114762649974	0.00104329681794	0.00365153886281	0.00417318727178	0.00208659363589	0.00991131977047	0.00886802295253	0.00365153886281	0.0119979134064	0.00312989045383	0.00782472613459	0.0198226395409	0.00782472613459	0.00469483568075	0.00260824204486	0.0151278038602	0.00260824204486	0.00417318727178	0.00156494522692	0.00469483568075	0.00782472613459	0.00625978090767	0.0109546165884	0.0130412102243	0.0130412102243	0.0114762649974	0.00730307772561	0.00469483568075	0.0109546165884	0.00417318727178	0.00625978090767	0.00312989045383	0.00730307772561	0.0114762649974	0.00521648408972	0.00625978090767	0.00521648408972	0.00521648408972	0.00104329681794	0.00312989045383	0.00156494522692	0.00104329681794	0.0057381324987	0.00521648408972	0.00260824204486	0.00886802295253	0.00730307772561	0.00834637454356	-1.0	1.0	-1.0
347	0.00834824090638	0.00178890876565	0.00238521168754	0.00596302921884	0.00536672629696	0.0202742993441	0.00715563506261	0.00954084675015	0.0107334525939	0.00954084675015	0.00298151460942	0.00477042337507	0.00894454382826	0.00119260584377	0.00834824090638	0.00954084675015	0.00655933214073	0.00298151460942	0.00357781753131	0.00298151460942	0.0137149672033	0.00834824090638	0.0172927847346	0.00178890876565	0.00238521168754	0.020870602266	0.0172927847346	0.00178890876565	0.00655933214073	0.0232558139535	0.00238521168754	0.00536672629696	0.00596302921884	0.00596302921884	0.00655933214073	0.0107334525939	0.00417412045319	0.00954084675015	0.0274299344067	0.00238521168754	0.010137149672	0.00715563506261	0.0125223613596	0.00536672629696	0.00477042337507	0.0113297555158	0.00298151460942	0.00954084675015	0.00954084675015	0.00357781753131	0.00298151460942	0.00417412045319	0.00596302921884	0.00298151460942	0.00655933214073	0.00536672629696	0.0196779964222	0.00417412045319	0.00834824090638	0.00298151460942	0.00536672629696	0.0196779964222	0.00536672629696	0.00417412045319	0.00477042337507	0.0077519379845	0.00298151460942	0.00477042337507	0.00536672629696	0.00715563506261	0.00417412045319	0.0	0.0107334525939	0.00357781753131	0.00119260584377	0.00357781753131	0.0107334525939	0.00715563506261	0.00596302921884	0.00357781753131	0.0161001788909	0.00298151460942	0.00715563506261	0.00298151460942	0.00357781753131	0.00596302921884	0.00298151460942	0.00536672629696	0.00596302921884	0.00298151460942	0.00178890876565	0.00536672629696	0.00596302921884	0.00417412045319	0.0077519379845	0.00357781753131	0.00536672629696	0.00655933214073	0.00298151460942	0.00357781753131	0.00417412045319	0.00536672629696	0.00715563506261	0.00119260584377	0.00536672629696	0.00894454382826	0.00298151460942	0.0137149672033	0.015503875969	0.00178890876565	0.0077519379845	0.00596302921884	0.00715563506261	0.0125223613596	0.00655933214073	0.00477042337507	0.00357781753131	0.00417412045319	0.000596302921884	0.010137149672	0.00238521168754	0.00357781753131	0.0119260584377	0.00954084675015	0.00477042337507	0.0143112701252	0.00834824090638	0.0196779964222	0.00119260584377	0.00357781753131	0.010137149672	0.00596302921884	0.00417412045319	0.00357781753131	0.00357781753131	0.0077519379845	0.00596302921884	0.00357781753131	0.00536672629696	0.00298151460942	0.00298151460942	0.00536672629696	0.00298151460942	0.00238521168754	0.00477042337507	0.00417412045319	0.00357781753131	0.00536672629696	0.00536672629696	0.0131186642815	-1.0	1.0	-1.0
348	0.00295420974889	0.00516986706056	0.00369276218612	0.00516986706056	0.00664697193501	0.0192023633678	0.00516986706056	0.0096011816839	0.0096011816839	0.00664697193501	0.00738552437223	0.00886262924668	0.00590841949778	0.00295420974889	0.00590841949778	0.00664697193501	0.00443131462334	0.00443131462334	0.00738552437223	0.00738552437223	0.00664697193501	0.00664697193501	0.0103397341211	0.00443131462334	0.00443131462334	0.0147710487445	0.00516986706056	0.00812407680945	0.00590841949778	0.0140324963072	0.00295420974889	0.00664697193501	0.00369276218612	0.00516986706056	0.00147710487445	0.0125553914328	0.00443131462334	0.00738552437223	0.0221565731167	0.00516986706056	0.00664697193501	0.00886262924668	0.00443131462334	0.0147710487445	0.00516986706056	0.00738552437223	0.033234859675	0.00738552437223	0.00886262924668	0.00369276218612	0.00886262924668	0.00738552437223	0.00516986706056	0.00886262924668	0.00590841949778	0.00886262924668	0.000738552437223	0.00590841949778	0.0096011816839	0.00738552437223	0.00664697193501	0.01329394387	0.00221565731167	0.00369276218612	0.000738552437223	0.00295420974889	0.00221565731167	0.00886262924668	0.00664697193501	0.00664697193501	0.0147710487445	0.00369276218612	0.0096011816839	0.00369276218612	0.0103397341211	0.00516986706056	0.00738552437223	0.0103397341211	0.00516986706056	0.00369276218612	0.0184638109306	0.00664697193501	0.00443131462334	0.00516986706056	0.00295420974889	0.00443131462334	0.0096011816839	0.00295420974889	0.0118168389956	0.00590841949778	0.00295420974889	0.00516986706056	0.00812407680945	0.00664697193501	0.00886262924668	0.00664697193501	0.00221565731167	0.00221565731167	0.00664697193501	0.0096011816839	0.00590841949778	0.0096011816839	0.00147710487445	0.00516986706056	0.00590841949778	0.00516986706056	0.00516986706056	0.0096011816839	0.0096011816839	0.0169867060561	0.00812407680945	0.00221565731167	0.00443131462334	0.0096011816839	0.00295420974889	0.00369276218612	0.00147710487445	0.00369276218612	0.00590841949778	0.00443131462334	0.00369276218612	0.00147710487445	0.00295420974889	0.00147710487445	0.00369276218612	0.00664697193501	0.00590841949778	0.0096011816839	0.00221565731167	0.00295420974889	0.0162481536189	0.00369276218612	0.00369276218612	0.0103397341211	0.00516986706056	0.0110782865583	0.00590841949778	0.00590841949778	0.00738552437223	0.00221565731167	0.00443131462334	0.00295420974889	0.00147710487445	0.0096011816839	0.00295420974889	0.00295420974889	0.00443131462334	0.00369276218612	0.00221565731167	0.0162481536189	-1.0	1.0	-1.0
349	0.00684931506849	0.00304414003044	0.00570776255708	0.011796042618	0.0076103500761	0.0152207001522	0.00494672754947	0.0125570776256	0.0121765601218	0.00418569254186	0.00342465753425	0.00494672754947	0.00684931506849	0.00266362252664	0.00532724505327	0.00380517503805	0.00380517503805	0.00837138508371	0.00494672754947	0.00875190258752	0.00837138508371	0.00266362252664	0.0159817351598	0.00114155251142	0.00418569254186	0.0163622526636	0.0129375951294	0.00266362252664	0.0072298325723	0.0148401826484	0.00837138508371	0.0076103500761	0.00494672754947	0.00380517503805	0.00304414003044	0.0125570776256	0.00799086757991	0.0102739726027	0.0209284627093	0.00380517503805	0.0125570776256	0.00152207001522	0.0121765601218	0.0125570776256	0.00380517503805	0.0121765601218	0.000380517503805	0.0072298325723	0.00684931506849	0.00646879756469	0.00342465753425	0.00190258751903	0.00684931506849	0.00646879756469	0.00456621004566	0.000380517503805	0.00152207001522	0.00799086757991	0.00799086757991	0.00304414003044	0.0072298325723	0.0163622526636	0.00418569254186	0.00494672754947	0.00532724505327	0.00456621004566	0.00228310502283	0.00532724505327	0.00228310502283	0.00799086757991	0.00418569254186	0.00190258751903	0.0106544901065	0.00494672754947	0.00190258751903	0.00380517503805	0.0144596651446	0.00951293759513	0.00266362252664	0.00532724505327	0.0163622526636	0.0102739726027	0.00532724505327	0.00304414003044	0.0102739726027	0.00570776255708	0.00799086757991	0.00684931506849	0.0102739726027	0.00532724505327	0.00456621004566	0.00532724505327	0.00608828006088	0.00418569254186	0.0110350076104	0.00380517503805	0.00684931506849	0.00608828006088	0.00570776255708	0.00304414003044	0.00266362252664	0.00456621004566	0.00456621004566	0.00494672754947	0.00456621004566	0.00608828006088	0.00380517503805	0.0167427701674	0.0114155251142	0.00228310502283	0.00684931506849	0.00494672754947	0.0110350076104	0.0171232876712	0.00913242009132	0.00456621004566	0.00608828006088	0.00913242009132	0.00684931506849	0.00646879756469	0.00152207001522	0.00418569254186	0.00152207001522	0.00646879756469	0.00570776255708	0.00837138508371	0.00913242009132	0.0114155251142	0.00418569254186	0.00646879756469	0.0102739726027	0.00684931506849	0.00456621004566	0.00684931506849	0.00342465753425	0.00608828006088	0.0114155251142	0.0076103500761	0.00418569254186	0.00380517503805	0.0072298325723	0.00266362252664	0.00076103500761	0.00342465753425	0.00646879756469	0.00228310502283	0.00266362252664	0.00799086757991	0.00532724505327	0.00875190258752	-1.0	1.0	-1.0
350	0.0110041265475	0.00343878954608	0.00825309491059	0.0103163686382	0.00550206327373	0.0226960110041	0.00206327372765	0.00137551581843	0.00825309491059	0.00894085281981	0.00618982118294	0.00206327372765	0.00343878954608	0.00894085281981	0.00618982118294	0.0110041265475	0.00550206327373	0.00618982118294	0.00756533700138	0.00550206327373	0.00756533700138	0.00481430536451	0.0185694635488	0.00206327372765	0.00343878954608	0.0123796423659	0.00618982118294	0.00481430536451	0.00206327372765	0.0116918844567	0.00343878954608	0.00756533700138	0.00550206327373	0.00481430536451	0.00618982118294	0.0103163686382	0.0144429160935	0.0103163686382	0.015818431912	0.00756533700138	0.00687757909216	0.00343878954608	0.00687757909216	0.00894085281981	0.00550206327373	0.0130674002751	0.0041265474553	0.00687757909216	0.00962861072902	0.00137551581843	0.00756533700138	0.00894085281981	0.00275103163686	0.0041265474553	0.00481430536451	0.00275103163686	0.00137551581843	0.00687757909216	0.00825309491059	0.00275103163686	0.00618982118294	0.0103163686382	0.00343878954608	0.00550206327373	0.0041265474553	0.000687757909216	0.00343878954608	0.0110041265475	0.00618982118294	0.00618982118294	0.00275103163686	0.00343878954608	0.0137551581843	0.00481430536451	0.00756533700138	0.00756533700138	0.0123796423659	0.0110041265475	0.0041265474553	0.00687757909216	0.015818431912	0.0110041265475	0.00756533700138	0.00481430536451	0.00756533700138	0.00756533700138	0.00618982118294	0.00481430536451	0.00894085281981	0.0041265474553	0.00550206327373	0.00550206327373	0.00481430536451	0.0041265474553	0.0116918844567	0.00343878954608	0.00137551581843	0.00481430536451	0.00825309491059	0.00894085281981	0.00687757909216	0.0103163686382	0.0041265474553	0.00343878954608	0.0041265474553	0.00550206327373	0.00687757909216	0.0137551581843	0.00275103163686	0.00275103163686	0.00687757909216	0.00343878954608	0.00618982118294	0.00825309491059	0.00550206327373	0.00343878954608	0.00756533700138	0.00825309491059	0.0103163686382	0.00825309491059	0.00756533700138	0.0041265474553	0.00275103163686	0.0041265474553	0.00550206327373	0.00343878954608	0.0116918844567	0.00894085281981	0.00618982118294	0.00481430536451	0.015818431912	0.00687757909216	0.00618982118294	0.00206327372765	0.00550206327373	0.00481430536451	0.0110041265475	0.00481430536451	0.00343878954608	0.00481430536451	0.00343878954608	0.00343878954608	0.00206327372765	0.00481430536451	0.0041265474553	0.00687757909216	0.00550206327373	0.00618982118294	0.00618982118294	0.0151306740028	-1.0	1.0	-1.0
351	0.0127208480565	0.000706713780919	0.00565371024735	0.00282685512367	0.00424028268551	0.0134275618375	0.00636042402827	0.00565371024735	0.00989399293286	0.00565371024735	0.00777385159011	0.00494699646643	0.00706713780919	0.0226148409894	0.0134275618375	0.00848056537102	0.00353356890459	0.00424028268551	0.0141342756184	0.00353356890459	0.00777385159011	0.00565371024735	0.0148409893993	0.00212014134276	0.00141342756184	0.0127208480565	0.00918727915194	0.00777385159011	0.00494699646643	0.0113074204947	0.00424028268551	0.00565371024735	0.00212014134276	0.00706713780919	0.00494699646643	0.0113074204947	0.00918727915194	0.00636042402827	0.0190812720848	0.00424028268551	0.00424028268551	0.00565371024735	0.00918727915194	0.0134275618375	0.00918727915194	0.00706713780919	0.000706713780919	0.00777385159011	0.00989399293286	0.00353356890459	0.00777385159011	0.00777385159011	0.00424028268551	0.00494699646643	0.00848056537102	0.0	0.0	0.00494699646643	0.00565371024735	0.00636042402827	0.00282685512367	0.0134275618375	0.00353356890459	0.000706713780919	0.00565371024735	0.00424028268551	0.00282685512367	0.0106007067138	0.0106007067138	0.00706713780919	0.00353356890459	0.00494699646643	0.0113074204947	0.00636042402827	0.00777385159011	0.00141342756184	0.0134275618375	0.00918727915194	0.00636042402827	0.00777385159011	0.0148409893993	0.00989399293286	0.00848056537102	0.00424028268551	0.00212014134276	0.00636042402827	0.00777385159011	0.00424028268551	0.00494699646643	0.00494699646643	0.00353356890459	0.0113074204947	0.00424028268551	0.00848056537102	0.00989399293286	0.00494699646643	0.00353356890459	0.00565371024735	0.0127208480565	0.00494699646643	0.00494699646643	0.00848056537102	0.00494699646643	0.00494699646643	0.00424028268551	0.00565371024735	0.00282685512367	0.0134275618375	0.00848056537102	0.00424028268551	0.00636042402827	0.00424028268551	0.00424028268551	0.0106007067138	0.00777385159011	0.00353356890459	0.00565371024735	0.00636042402827	0.00777385159011	0.00636042402827	0.00706713780919	0.00494699646643	0.00141342756184	0.00424028268551	0.00353356890459	0.00424028268551	0.00353356890459	0.00918727915194	0.00565371024735	0.00212014134276	0.0233215547703	0.00565371024735	0.00636042402827	0.00494699646643	0.00353356890459	0.00848056537102	0.00706713780919	0.00565371024735	0.00424028268551	0.00282685512367	0.00424028268551	0.00636042402827	0.00353356890459	0.00848056537102	0.00494699646643	0.00353356890459	0.00141342756184	0.00777385159011	0.00706713780919	0.00918727915194	-1.0	1.0	-1.0
352	0.00513478818999	0.00770218228498	0.00320924261874	0.00962772785623	0.01026957638	0.01540436457	0.00385109114249	0.00513478818999	0.00834403080873	0.00834403080873	0.00641848523748	0.00898587933248	0.00706033376123	0.0115532734275	0.00834403080873	0.00770218228498	0.00898587933248	0.00706033376123	0.0160462130937	0.00898587933248	0.00513478818999	0.00385109114249	0.0141206675225	0.00449293966624	0.00385109114249	0.01540436457	0.0115532734275	0.00577663671374	0.00449293966624	0.0115532734275	0.00385109114249	0.00256739409499	0.00385109114249	0.00513478818999	0.00513478818999	0.00834403080873	0.00706033376123	0.00770218228498	0.0121951219512	0.00577663671374	0.0109114249037	0.00449293966624	0.00706033376123	0.00898587933248	0.00706033376123	0.00641848523748	0.0205391527599	0.00577663671374	0.00513478818999	0.00320924261874	0.00513478818999	0.00577663671374	0.00385109114249	0.00256739409499	0.00706033376123	0.00834403080873	0.0012836970475	0.00513478818999	0.00770218228498	0.00385109114249	0.00577663671374	0.0198973042362	0.00192554557125	0.0012836970475	0.00320924261874	0.00513478818999	0.00641848523748	0.00320924261874	0.00898587933248	0.00706033376123	0.01540436457	0.00770218228498	0.01026957638	0.00641848523748	0.00256739409499	0.00513478818999	0.0115532734275	0.0186136071887	0.00256739409499	0.00320924261874	0.0121951219512	0.0121951219512	0.00449293966624	0.00449293966624	0.00385109114249	0.00449293966624	0.01026957638	0.00513478818999	0.00706033376123	0.00513478818999	0.00513478818999	0.00641848523748	0.00385109114249	0.00449293966624	0.00770218228498	0.00577663671374	0.00385109114249	0.00513478818999	0.00641848523748	0.00513478818999	0.0109114249037	0.00641848523748	0.00577663671374	0.00577663671374	0.00962772785623	0.00449293966624	0.00513478818999	0.012836970475	0.00641848523748	0.0012836970475	0.00641848523748	0.00385109114249	0.00385109114249	0.0115532734275	0.00449293966624	0.00449293966624	0.00320924261874	0.00513478818999	0.00770218228498	0.00641848523748	0.00385109114249	0.00256739409499	0.00192554557125	0.00706033376123	0.00385109114249	0.00577663671374	0.00962772785623	0.00449293966624	0.00577663671374	0.00320924261874	0.0115532734275	0.00641848523748	0.00577663671374	0.00320924261874	0.00385109114249	0.00898587933248	0.00770218228498	0.00449293966624	0.00513478818999	0.0012836970475	0.0147625160462	0.00385109114249	0.00256739409499	0.00449293966624	0.0012836970475	0.00641848523748	0.00320924261874	0.00320924261874	0.00706033376123	0.0109114249037	-1.0	1.0	-1.0
353	0.00608519269777	0.00405679513185	0.00540906017579	0.0128465179175	0.00811359026369	0.0155510480054	0.00338066260987	0.00743745774172	0.00540906017579	0.00878972278567	0.00608519269777	0.00676132521974	0.00676132521974	0.0324543610548	0.00540906017579	0.00608519269777	0.00946585530764	0.00811359026369	0.00540906017579	0.00946585530764	0.0027045300879	0.00540906017579	0.0128465179175	0.00135226504395	0.00473292765382	0.0121703853955	0.00946585530764	0.00743745774172	0.00946585530764	0.00946585530764	0.00338066260987	0.0128465179175	0.00338066260987	0.0101419878296	0.00405679513185	0.0101419878296	0.00743745774172	0.00811359026369	0.0141987829615	0.00743745774172	0.00540906017579	0.00811359026369	0.00473292765382	0.0101419878296	0.0155510480054	0.0108181203516	0.00135226504395	0.00473292765382	0.00473292765382	0.00202839756592	0.00743745774172	0.00608519269777	0.00540906017579	0.00202839756592	0.00338066260987	0.00202839756592	0.000676132521974	0.00473292765382	0.00743745774172	0.00338066260987	0.00608519269777	0.0128465179175	0.00540906017579	0.00878972278567	0.00202839756592	0.0027045300879	0.00811359026369	0.0121703853955	0.00405679513185	0.00540906017579	0.0027045300879	0.00338066260987	0.0108181203516	0.0027045300879	0.00540906017579	0.00405679513185	0.0101419878296	0.00743745774172	0.0027045300879	0.00608519269777	0.00878972278567	0.0027045300879	0.00946585530764	0.00540906017579	0.00946585530764	0.00338066260987	0.00878972278567	0.00338066260987	0.0101419878296	0.00473292765382	0.00946585530764	0.00473292765382	0.00202839756592	0.0108181203516	0.00743745774172	0.00405679513185	0.0027045300879	0.00405679513185	0.00473292765382	0.00473292765382	0.00608519269777	0.00540906017579	0.00608519269777	0.00202839756592	0.00405679513185	0.00878972278567	0.00405679513185	0.0121703853955	0.0155510480054	0.00473292765382	0.00608519269777	0.00473292765382	0.00676132521974	0.0108181203516	0.00608519269777	0.00540906017579	0.00608519269777	0.00676132521974	0.00608519269777	0.00676132521974	0.0027045300879	0.00338066260987	0.000676132521974	0.00811359026369	0.00676132521974	0.00608519269777	0.00135226504395	0.00811359026369	0.00811359026369	0.00540906017579	0.0121703853955	0.00608519269777	0.0169033130494	0.00878972278567	0.00405679513185	0.00473292765382	0.00676132521974	0.00473292765382	0.00540906017579	0.00338066260987	0.00676132521974	0.00202839756592	0.00811359026369	0.00473292765382	0.00405679513185	0.00473292765382	0.00540906017579	0.00676132521974	0.00811359026369	0.00743745774172	-1.0	1.0	-1.0
354	0.00731869594145	0.00332667997339	0.00399201596806	0.00798403193613	0.0059880239521	0.0266134397871	0.00133067198935	0.00731869594145	0.0126413838989	0.0113107119095	0.00266134397871	0.00399201596806	0.00266134397871	0.00798403193613	0.0119760479042	0.00532268795742	0.00199600798403	0.00532268795742	0.00798403193613	0.00465735196274	0.00731869594145	0.0106453759148	0.0139720558882	0.00665335994677	0.00199600798403	0.0146373918829	0.0133067198935	0.00532268795742	0.00266134397871	0.0219560878244	0.00332667997339	0.00465735196274	0.00332667997339	0.00465735196274	0.00465735196274	0.0113107119095	0.00399201596806	0.00665335994677	0.0172987358616	0.00864936793081	0.00665335994677	0.00399201596806	0.00798403193613	0.0139720558882	0.00665335994677	0.00864936793081	0.0113107119095	0.00864936793081	0.00731869594145	0.0059880239521	0.00931470392548	0.0059880239521	0.00199600798403	0.00665335994677	0.00332667997339	0.00332667997339	0.00133067198935	0.00665335994677	0.0133067198935	0.00133067198935	0.00665335994677	0.020625415835	0.00266134397871	0.00332667997339	0.00532268795742	0.00532268795742	0.00133067198935	0.00465735196274	0.00266134397871	0.00864936793081	0.00199600798403	0.00199600798403	0.00798403193613	0.000665335994677	0.00665335994677	0.00199600798403	0.0166333998669	0.00931470392548	0.00266134397871	0.00399201596806	0.0146373918829	0.00931470392548	0.0059880239521	0.00465735196274	0.00399201596806	0.0059880239521	0.00399201596806	0.00665335994677	0.00199600798403	0.00199600798403	0.00532268795742	0.00532268795742	0.00864936793081	0.00465735196274	0.00798403193613	0.00731869594145	0.0059880239521	0.00332667997339	0.00199600798403	0.00532268795742	0.00532268795742	0.00399201596806	0.00864936793081	0.00332667997339	0.0059880239521	0.00798403193613	0.00266134397871	0.0212907518297	0.0133067198935	0.00399201596806	0.00798403193613	0.00332667997339	0.00332667997339	0.0199600798403	0.00532268795742	0.00399201596806	0.00532268795742	0.00532268795742	0.00465735196274	0.00532268795742	0.00665335994677	0.00332667997339	0.00731869594145	0.00798403193613	0.00532268795742	0.00798403193613	0.00465735196274	0.0146373918829	0.00465735196274	0.00199600798403	0.0172987358616	0.00864936793081	0.00532268795742	0.00399201596806	0.00399201596806	0.00998003992016	0.00532268795742	0.00798403193613	0.00266134397871	0.00133067198935	0.00133067198935	0.00465735196274	0.0	0.00798403193613	0.00133067198935	0.00665335994677	0.00399201596806	0.00465735196274	0.00532268795742	0.0179640718563	-1.0	1.0	-1.0
372	0.0125786163522	0.0020964360587	0.0041928721174	0.0111809923131	0.0062893081761	0.0146750524109	0.0062893081761	0.0062893081761	0.00698812019567	0.00698812019567	0.000698812019567	0.00908455625437	0.00559049615653	0.0174703004892	0.00698812019567	0.0041928721174	0.00349406009783	0.0083857442348	0.0125786163522	0.00908455625437	0.0062893081761	0.00768693221523	0.00978336827393	0.0062893081761	0.00489168413697	0.0111809923131	0.0104821802935	0.00559049615653	0.00698812019567	0.0062893081761	0.00698812019567	0.0062893081761	0.00349406009783	0.00349406009783	0.0020964360587	0.0118798043326	0.00698812019567	0.00349406009783	0.0111809923131	0.00349406009783	0.0104821802935	0.0041928721174	0.0041928721174	0.0146750524109	0.0062893081761	0.00698812019567	0.0041928721174	0.00489168413697	0.0083857442348	0.00139762403913	0.00559049615653	0.0020964360587	0.00279524807827	0.00489168413697	0.00908455625437	0.0020964360587	0.00698812019567	0.00489168413697	0.00559049615653	0.00908455625437	0.00698812019567	0.01607267645	0.0062893081761	0.00349406009783	0.00279524807827	0.00489168413697	0.00768693221523	0.0083857442348	0.00768693221523	0.0041928721174	0.00978336827393	0.00908455625437	0.0083857442348	0.00349406009783	0.0	0.00489168413697	0.0083857442348	0.00698812019567	0.00139762403913	0.00908455625437	0.0132774283718	0.00908455625437	0.00489168413697	0.0020964360587	0.00349406009783	0.0083857442348	0.00698812019567	0.00978336827393	0.0041928721174	0.0041928721174	0.00279524807827	0.00698812019567	0.00349406009783	0.00489168413697	0.0118798043326	0.00349406009783	0.00698812019567	0.00559049615653	0.00349406009783	0.00559049615653	0.0020964360587	0.00698812019567	0.01607267645	0.00139762403913	0.0041928721174	0.00559049615653	0.00768693221523	0.0146750524109	0.0083857442348	0.00139762403913	0.0062893081761	0.000698812019567	0.00139762403913	0.0146750524109	0.00489168413697	0.00559049615653	0.00489168413697	0.0195667365479	0.00349406009783	0.0083857442348	0.00279524807827	0.00559049615653	0.0041928721174	0.0111809923131	0.00908455625437	0.00768693221523	0.0181691125087	0.0062893081761	0.00349406009783	0.00279524807827	0.0111809923131	0.01607267645	0.0041928721174	0.00768693221523	0.0020964360587	0.0167714884696	0.0083857442348	0.00698812019567	0.00489168413697	0.00489168413697	0.00139762403913	0.00139762403913	0.00279524807827	0.00698812019567	0.00489168413697	0.0041928721174	0.00349406009783	0.00349406009783	0.0041928721174	0.0139762403913	-1.0	-1.0	1.0
373	0.00936639118457	0.00440771349862	0.00550964187328	0.0148760330579	0.00550964187328	0.00936639118457	0.0115702479339	0.0148760330579	0.00881542699725	0.00826446280992	0.00110192837466	0.00385674931129	0.00661157024793	0.00165289256198	0.00385674931129	0.00110192837466	0.00330578512397	0.0110192837466	0.00165289256198	0.0132231404959	0.00550964187328	0.00330578512397	0.00771349862259	0.00165289256198	0.00385674931129	0.0115702479339	0.0115702479339	0.00110192837466	0.00716253443526	0.0176308539945	0.00440771349862	0.00716253443526	0.00716253443526	0.00165289256198	0.00440771349862	0.00440771349862	0.00661157024793	0.00606060606061	0.0115702479339	0.00440771349862	0.00275482093664	0.00220385674931	0.00440771349862	0.0121212121212	0.00826446280992	0.00385674931129	0.000550964187328	0.00881542699725	0.00495867768595	0.00771349862259	0.00330578512397	0.00330578512397	0.00716253443526	0.00716253443526	0.0159779614325	0.00275482093664	0.00110192837466	0.00716253443526	0.00716253443526	0.0126721763085	0.0110192837466	0.0099173553719	0.0126721763085	0.00826446280992	0.00606060606061	0.00495867768595	0.00440771349862	0.0148760330579	0.00220385674931	0.00220385674931	0.00165289256198	0.000550964187328	0.00606060606061	0.00385674931129	0.00330578512397	0.00440771349862	0.0104683195592	0.00440771349862	0.00110192837466	0.0176308539945	0.00716253443526	0.00881542699725	0.00385674931129	0.00495867768595	0.00661157024793	0.00550964187328	0.00716253443526	0.0170798898072	0.0099173553719	0.00881542699725	0.00495867768595	0.00495867768595	0.00165289256198	0.00495867768595	0.00936639118457	0.00771349862259	0.0132231404959	0.00550964187328	0.00165289256198	0.00330578512397	0.0	0.00661157024793	0.0154269972452	0.00110192837466	0.00385674931129	0.00220385674931	0.0	0.00936639118457	0.0148760330579	0.00440771349862	0.0099173553719	0.00165289256198	0.0132231404959	0.0143250688705	0.0121212121212	0.00440771349862	0.00826446280992	0.0126721763085	0.00110192837466	0.00275482093664	0.00110192837466	0.00165289256198	0.00110192837466	0.0104683195592	0.00440771349862	0.0126721763085	0.0176308539945	0.00936639118457	0.00220385674931	0.00495867768595	0.00881542699725	0.0187327823691	0.0	0.00495867768595	0.00165289256198	0.0121212121212	0.00661157024793	0.00385674931129	0.0110192837466	0.0126721763085	0.00165289256198	0.0104683195592	0.00275482093664	0.00165289256198	0.00716253443526	0.00771349862259	0.00275482093664	0.00606060606061	0.00716253443526	0.00881542699725	-1.0	-1.0	1.0
374	0.0048596112311	0.00269978401728	0.00377969762419	0.0172786177106	0.011879049676	0.0048596112311	0.00593952483801	0.0140388768898	0.00593952483801	0.00593952483801	0.00269978401728	0.00539956803456	0.000539956803456	0.000539956803456	0.00269978401728	0.00323974082073	0.00917926565875	0.0156587473002	0.00377969762419	0.0097192224622	0.00647948164147	0.00431965442765	0.00755939524838	0.00377969762419	0.00269978401728	0.00647948164147	0.00917926565875	0.00161987041037	0.00431965442765	0.0183585313175	0.00215982721382	0.0048596112311	0.0129589632829	0.00215982721382	0.00593952483801	0.00593952483801	0.00809935205184	0.00647948164147	0.00755939524838	0.00809935205184	0.0113390928726	0.0048596112311	0.00539956803456	0.00809935205184	0.00863930885529	0.00431965442765	0.00107991360691	0.011879049676	0.00755939524838	0.0048596112311	0.00431965442765	0.00323974082073	0.0097192224622	0.0048596112311	0.00755939524838	0.00107991360691	0.0048596112311	0.00593952483801	0.0048596112311	0.00647948164147	0.0113390928726	0.00701943844492	0.0102591792657	0.00377969762419	0.0048596112311	0.00539956803456	0.00701943844492	0.0113390928726	0.00269978401728	0.00161987041037	0.00647948164147	0.00215982721382	0.00539956803456	0.00647948164147	0.00107991360691	0.00539956803456	0.00809935205184	0.00863930885529	0.00215982721382	0.0151187904968	0.00647948164147	0.011879049676	0.00377969762419	0.00215982721382	0.0102591792657	0.0048596112311	0.00539956803456	0.0205183585313	0.0183585313175	0.011879049676	0.00593952483801	0.00377969762419	0.000539956803456	0.00377969762419	0.0124190064795	0.00431965442765	0.0113390928726	0.00539956803456	0.000539956803456	0.00215982721382	0.0	0.00431965442765	0.00917926565875	0.00215982721382	0.00593952483801	0.00431965442765	0.0	0.00809935205184	0.0107991360691	0.00215982721382	0.0097192224622	0.000539956803456	0.0107991360691	0.0194384449244	0.0161987041037	0.00701943844492	0.00755939524838	0.017818574514	0.00269978401728	0.00215982721382	0.00215982721382	0.0048596112311	0.00701943844492	0.0161987041037	0.0097192224622	0.0107991360691	0.0172786177106	0.011879049676	0.0048596112311	0.0107991360691	0.0048596112311	0.00809935205184	0.000539956803456	0.00431965442765	0.00323974082073	0.0140388768898	0.00593952483801	0.0048596112311	0.0097192224622	0.0102591792657	0.00107991360691	0.00593952483801	0.00161987041037	0.00107991360691	0.0048596112311	0.00647948164147	0.00269978401728	0.00593952483801	0.00809935205184	0.00701943844492	-1.0	-1.0	1.0
377	0.00466977985324	0.00733822548366	0.00333555703803	0.00867244829887	0.00533689126084	0.0133422281521	0.00533689126084	0.00800533689126	0.0133422281521	0.00667111407605	0.00667111407605	0.00533689126084	0.00667111407605	0.0120080053369	0.0106737825217	0.00733822548366	0.00533689126084	0.00466977985324	0.00466977985324	0.00867244829887	0.00800533689126	0.00400266844563	0.0173448965977	0.00533689126084	0.00800533689126	0.0140093395597	0.0106737825217	0.00600400266845	0.00266844563042	0.00600400266845	0.00133422281521	0.00533689126084	0.00600400266845	0.00600400266845	0.00400266844563	0.0133422281521	0.00933955970647	0.0133422281521	0.0213475650434	0.00533689126084	0.0133422281521	0.00266844563042	0.0113408939293	0.0126751167445	0.00933955970647	0.0140093395597	0.0173448965977	0.00333555703803	0.00667111407605	0.00400266844563	0.00266844563042	0.00600400266845	0.00333555703803	0.00867244829887	0.00466977985324	0.00667111407605	0.00266844563042	0.00667111407605	0.00333555703803	0.00466977985324	0.00533689126084	0.0200133422282	0.00533689126084	0.00600400266845	0.00200133422282	0.00333555703803	0.00133422281521	0.0100066711141	0.00867244829887	0.0100066711141	0.00200133422282	0.00200133422282	0.0106737825217	0.00266844563042	0.00333555703803	0.00333555703803	0.00400266844563	0.00933955970647	0.00800533689126	0.00667111407605	0.0113408939293	0.0133422281521	0.00600400266845	0.00400266844563	0.00400266844563	0.00667111407605	0.00733822548366	0.00600400266845	0.00600400266845	0.00600400266845	0.00266844563042	0.00800533689126	0.00533689126084	0.00266844563042	0.00933955970647	0.00800533689126	0.00400266844563	0.00333555703803	0.00200133422282	0.00667111407605	0.00600400266845	0.0113408939293	0.00533689126084	0.00466977985324	0.00933955970647	0.00600400266845	0.00333555703803	0.0146764509673	0.00800533689126	0.00200133422282	0.00466977985324	0.00466977985324	0.00333555703803	0.0113408939293	0.00133422281521	0.00466977985324	0.00667111407605	0.00667111407605	0.00733822548366	0.00466977985324	0.00466977985324	0.00733822548366	0.00333555703803	0.00466977985324	0.00533689126084	0.00533689126084	0.00200133422282	0.00800533689126	0.00867244829887	0.00400266844563	0.0186791194129	0.00800533689126	0.00333555703803	0.00333555703803	0.00466977985324	0.00667111407605	0.00867244829887	0.00600400266845	0.00133422281521	0.00333555703803	0.00266844563042	0.00533689126084	0.00600400266845	0.00466977985324	0.00400266844563	0.00533689126084	0.00667111407605	0.00600400266845	0.00466977985324	0.00466977985324	1.0	-1.0	-1.0
378	0.00403587443946	0.00403587443946	0.00538116591928	0.0116591928251	0.00403587443946	0.0130044843049	0.0085201793722	0.0085201793722	0.00717488789238	0.0085201793722	0.00134529147982	0.00448430493274	0.00762331838565	0.0161434977578	0.00807174887892	0.0085201793722	0.00627802690583	0.00896860986547	0.00807174887892	0.00762331838565	0.00538116591928	0.0067264573991	0.0112107623318	0.00538116591928	0.00538116591928	0.0134529147982	0.0103139013453	0.00269058295964	0.00358744394619	0.0139013452915	0.0067264573991	0.00493273542601	0.0085201793722	0.00269058295964	0.00627802690583	0.0085201793722	0.00762331838565	0.0139013452915	0.0121076233184	0.00807174887892	0.00493273542601	0.00448430493274	0.0112107623318	0.0121076233184	0.00582959641256	0.0067264573991	0.00358744394619	0.0121076233184	0.00762331838565	0.00448430493274	0.0067264573991	0.00448430493274	0.00717488789238	0.0103139013453	0.00762331838565	0.00179372197309	0.0179372197309	0.00358744394619	0.00538116591928	0.00224215246637	0.00896860986547	0.0121076233184	0.00762331838565	0.00538116591928	0.00538116591928	0.00358744394619	0.00179372197309	0.0067264573991	0.0085201793722	0.00448430493274	0.00493273542601	0.00448430493274	0.0130044843049	0.00403587443946	0.00313901345291	0.00313901345291	0.0139013452915	0.00807174887892	0.00269058295964	0.00582959641256	0.0125560538117	0.00313901345291	0.00582959641256	0.00224215246637	0.00358744394619	0.00179372197309	0.00582959641256	0.00986547085202	0.00538116591928	0.0085201793722	0.00403587443946	0.00403587443946	0.00717488789238	0.00403587443946	0.0085201793722	0.00448430493274	0.00538116591928	0.0067264573991	0.00403587443946	0.00313901345291	0.00538116591928	0.00493273542601	0.00358744394619	0.00448430493274	0.00538116591928	0.00448430493274	0.000896860986547	0.0130044843049	0.00582959641256	0.00493273542601	0.00896860986547	0.00313901345291	0.00448430493274	0.0179372197309	0.00403587443946	0.00538116591928	0.00807174887892	0.00941704035874	0.00269058295964	0.0085201793722	0.00179372197309	0.00269058295964	0.0116591928251	0.00762331838565	0.00807174887892	0.00807174887892	0.00627802690583	0.00582959641256	0.00582959641256	0.00717488789238	0.00762331838565	0.0107623318386	0.00358744394619	0.00717488789238	0.00269058295964	0.00896860986547	0.00762331838565	0.00627802690583	0.00717488789238	0.00582959641256	0.00582959641256	0.00313901345291	0.00807174887892	0.0107623318386	0.00403587443946	0.0067264573991	0.00224215246637	0.00493273542601	0.00224215246637	0.00582959641256	1.0	-1.0	-1.0
379	0.00536303630363	0.0016501650165	0.00453795379538	0.0107260726073	0.00618811881188	0.016501650165	0.00783828382838	0.0103135313531	0.0107260726073	0.00577557755776	0.00371287128713	0.00288778877888	0.0049504950495	0.0049504950495	0.00536303630363	0.00371287128713	0.003300330033	0.0107260726073	0.00371287128713	0.00453795379538	0.0049504950495	0.00577557755776	0.013201320132	0.00577557755776	0.00825082508251	0.016501650165	0.00948844884488	0.003300330033	0.00618811881188	0.0119636963696	0.00371287128713	0.00742574257426	0.0127887788779	0.003300330033	0.0173267326733	0.00412541254125	0.00660066006601	0.00948844884488	0.0136138613861	0.0152640264026	0.00701320132013	0.00206270627063	0.00907590759076	0.00536303630363	0.00866336633663	0.00907590759076	0.00123762376238	0.0107260726073	0.00825082508251	0.003300330033	0.003300330033	0.00618811881188	0.00866336633663	0.00990099009901	0.00453795379538	0.00206270627063	0.00371287128713	0.0111386138614	0.00453795379538	0.0016501650165	0.00907590759076	0.0115511551155	0.00825082508251	0.0107260726073	0.00701320132013	0.00371287128713	0.000412541254125	0.0103135313531	0.00453795379538	0.00866336633663	0.00453795379538	0.00123762376238	0.00783828382838	0.00907590759076	0.00288778877888	0.0049504950495	0.0123762376238	0.00618811881188	0.003300330033	0.00618811881188	0.0136138613861	0.00742574257426	0.00783828382838	0.000412541254125	0.003300330033	0.00866336633663	0.0049504950495	0.0103135313531	0.00866336633663	0.00618811881188	0.0049504950495	0.00742574257426	0.00288778877888	0.00536303630363	0.00783828382838	0.00577557755776	0.00618811881188	0.0140264026403	0.00247524752475	0.00453795379538	0.00371287128713	0.00288778877888	0.00742574257426	0.00412541254125	0.00536303630363	0.00783828382838	0.00371287128713	0.00783828382838	0.0107260726073	0.00453795379538	0.00701320132013	0.00247524752475	0.00577557755776	0.0156765676568	0.00618811881188	0.00783828382838	0.00577557755776	0.00866336633663	0.00123762376238	0.00825082508251	0.00371287128713	0.00618811881188	0.00577557755776	0.00783828382838	0.003300330033	0.0111386138614	0.00783828382838	0.0127887788779	0.00577557755776	0.0123762376238	0.00453795379538	0.0111386138614	0.00371287128713	0.00371287128713	0.00288778877888	0.00577557755776	0.00742574257426	0.00618811881188	0.00536303630363	0.0111386138614	0.00288778877888	0.00206270627063	0.000412541254125	0.00536303630363	0.0049504950495	0.00660066006601	0.000825082508251	0.00618811881188	0.00536303630363	0.00701320132013	1.0	-1.0	-1.0
380	0.00151745068285	0.00379362670713	0.00379362670713	0.00455235204856	0.00379362670713	0.0151745068285	0.00303490136571	0.00682852807284	0.00986342943854	0.00606980273141	0.00606980273141	0.01062215478	0.00606980273141	0.0273141122914	0.00758725341426	0.0121396054628	0.00758725341426	0.00455235204856	0.00682852807284	0.00455235204856	0.00986342943854	0.00379362670713	0.0227617602428	0.00455235204856	0.00227617602428	0.0166919575114	0.00986342943854	0.00531107738998	0.00531107738998	0.00758725341426	0.00531107738998	0.00455235204856	0.000758725341426	0.00531107738998	0.00303490136571	0.00910470409712	0.00682852807284	0.00910470409712	0.0204855842185	0.00531107738998	0.00606980273141	0.00151745068285	0.00531107738998	0.01062215478	0.00379362670713	0.00758725341426	0.0386949924127	0.00606980273141	0.00834597875569	0.00227617602428	0.00531107738998	0.00606980273141	0.00227617602428	0.00606980273141	0.00986342943854	0.00606980273141	0.000758725341426	0.00227617602428	0.00758725341426	0.00606980273141	0.00455235204856	0.0197268588771	0.00531107738998	0.00682852807284	0.00379362670713	0.00303490136571	0.0174506828528	0.00606980273141	0.00531107738998	0.0113808801214	0.0121396054628	0.00910470409712	0.0136570561457	0.00682852807284	0.00303490136571	0.00379362670713	0.0144157814871	0.00455235204856	0.00227617602428	0.00227617602428	0.0151745068285	0.00379362670713	0.00758725341426	0.00455235204856	0.00986342943854	0.00455235204856	0.00227617602428	0.00455235204856	0.00606980273141	0.00455235204856	0.00227617602428	0.01062215478	0.00606980273141	0.00379362670713	0.00303490136571	0.00303490136571	0.000758725341426	0.00303490136571	0.00379362670713	0.00986342943854	0.00379362670713	0.00986342943854	0.00303490136571	0.00606980273141	0.00606980273141	0.00379362670713	0.00303490136571	0.0128983308042	0.00531107738998	0.00531107738998	0.00303490136571	0.00606980273141	0.00682852807284	0.0113808801214	0.00834597875569	0.00758725341426	0.00379362670713	0.00379362670713	0.00606980273141	0.00606980273141	0.00455235204856	0.00379362670713	0.00303490136571	0.00227617602428	0.00606980273141	0.00682852807284	0.00531107738998	0.0128983308042	0.00379362670713	0.000758725341426	0.0144157814871	0.00455235204856	0.00455235204856	0.00682852807284	0.00227617602428	0.00379362670713	0.00606980273141	0.00227617602428	0.000758725341426	0.00379362670713	0.00531107738998	0.00455235204856	0.00303490136571	0.00606980273141	0.00606980273141	0.00455235204856	0.00986342943854	0.00606980273141	0.00606980273141	0.01062215478	1.0	-1.0	-1.0
381	0.0074812967581	0.00498753117207	0.00124688279302	0.00810473815461	0.00374064837905	0.0180798004988	0.00623441396509	0.0068578553616	0.0105985037406	0.0068578553616	0.00623441396509	0.00935162094763	0.00374064837905	0.000623441396509	0.00935162094763	0.00249376558603	0.00872817955112	0.00561097256858	0.00561097256858	0.00935162094763	0.00810473815461	0.00810473815461	0.0130922693267	0.00187032418953	0.00498753117207	0.0118453865337	0.0074812967581	0.00311720698254	0.0074812967581	0.00935162094763	0.00561097256858	0.0068578553616	0.00249376558603	0.00374064837905	0.00810473815461	0.0112219451372	0.00561097256858	0.00623441396509	0.0224438902743	0.00810473815461	0.0130922693267	0.00436408977556	0.00561097256858	0.0105985037406	0.00623441396509	0.00623441396509	0.0218204488778	0.0068578553616	0.00935162094763	0.0074812967581	0.00935162094763	0.00436408977556	0.00311720698254	0.00498753117207	0.0130922693267	0.00436408977556	0.00187032418953	0.00872817955112	0.00561097256858	0.0	0.00623441396509	0.0155860349127	0.00249376558603	0.0068578553616	0.00436408977556	0.00623441396509	0.00311720698254	0.00935162094763	0.0112219451372	0.00561097256858	0.0249376558603	0.00436408977556	0.00810473815461	0.00374064837905	0.00623441396509	0.0068578553616	0.0105985037406	0.0168329177057	0.00498753117207	0.00997506234414	0.0149625935162	0.0105985037406	0.00561097256858	0.00249376558603	0.0068578553616	0.00498753117207	0.0074812967581	0.00561097256858	0.00498753117207	0.00311720698254	0.00187032418953	0.00997506234414	0.00249376558603	0.00561097256858	0.0118453865337	0.0074812967581	0.00872817955112	0.00436408977556	0.00623441396509	0.00436408977556	0.00374064837905	0.00124688279302	0.0068578553616	0.00374064837905	0.00311720698254	0.0118453865337	0.00311720698254	0.0162094763092	0.00623441396509	0.00561097256858	0.00436408977556	0.00374064837905	0.00311720698254	0.00872817955112	0.00498753117207	0.00249376558603	0.0074812967581	0.0074812967581	0.00311720698254	0.0068578553616	0.00374064837905	0.00249376558603	0.00498753117207	0.00498753117207	0.00498753117207	0.0068578553616	0.00997506234414	0.0118453865337	0.00872817955112	0.00249376558603	0.0074812967581	0.00810473815461	0.00498753117207	0.00187032418953	0.00374064837905	0.00561097256858	0.00311720698254	0.00436408977556	0.00436408977556	0.00187032418953	0.00436408977556	0.00436408977556	0.00249376558603	0.00374064837905	0.00436408977556	0.00249376558603	0.00561097256858	0.00249376558603	0.00623441396509	0.0074812967581	1.0	-1.0	-1.0
